,Run,Domain info,QL
0,2,SFQL_0.csv,507.5913715362549
1,2,SFQL_0.25.csv,569.4136822223663
2,2,SFQL_0.5.csv,507.7162525653839
3,3,SFQL_0.csv,410.68813920021057
4,3,SFQL_0.25.csv,364.7162251472473
5,3,SFQL_0.5.csv,346.01045274734497
