,Run,Domain,|S|,|A|,Actions Pruned,QM
0,14,ours_0,50,8,28,753.4108905792236
1,14,ours_0.25,50,8,24,790.8058574199677
2,14,ours_0.5,50,8,13,740.067985534668
3,15,ours_0,50,8,78,861.7450246810913
4,15,ours_0.25,50,8,35,778.5718626976013
5,15,ours_0.5,50,8,32,776.3700616359711
