,Run,Domain info,QL
0,28,SFQL_0.csv,633.8928112983704
1,28,SFQL_0.25.csv,582.8554680347443
2,28,SFQL_0.5.csv,453.6636302471161
3,29,SFQL_0.csv,440.10369634628296
4,29,SFQL_0.25.csv,386.7730174064636
5,29,SFQL_0.5.csv,381.5943396091461
