,Run,Domain info,QL
0,16,SFQL_0.csv,754.5262224674225
1,16,SFQL_0.25.csv,578.5099461078644
2,16,SFQL_0.5.csv,580.4517583847046
3,17,SFQL_0.csv,492.14940309524536
4,17,SFQL_0.25.csv,452.3409159183502
5,17,SFQL_0.5.csv,455.3315312862396
