,Run,Domain,|S|,|A|,Actions Pruned,QM
0,16,ours_0,50,8,18,760.9686715602875
1,16,ours_0.25,50,8,18,778.6550891399384
2,16,ours_0.5,50,8,12,733.1846499443054
3,17,ours_0,50,8,49,863.7570464611053
4,17,ours_0.25,50,8,24,780.9028513431549
5,17,ours_0.5,50,8,24,775.3209161758423
