,Run,Domain info,QL
0,24,QL_0.csv,522.6716661453247
1,24,QL_0.25.csv,539.8557846546173
2,24,QL_0.5.csv,494.1188759803772
3,25,QL_0.csv,495.69574213027954
4,25,QL_0.25.csv,533.3187897205353
5,25,QL_0.5.csv,507.17154812812805
