,Run,Domain info,QL
0,16,QL_0.csv,526.3489422798157
1,16,QL_0.25.csv,491.716096162796
2,16,QL_0.5.csv,488.5791800022125
3,17,QL_0.csv,498.09628081321716
4,17,QL_0.25.csv,524.6159324645996
5,17,QL_0.5.csv,651.7313301563263
