,Run,Domain info,QL
0,14,SFQL_0.csv,753.7939023971558
1,14,SFQL_0.25.csv,583.733446598053
2,14,SFQL_0.5.csv,579.0903391838074
3,15,SFQL_0.csv,487.82785391807556
4,15,SFQL_0.25.csv,449.487167596817
5,15,SFQL_0.5.csv,455.5558273792267
