,Run,Domain,|S|,|A|,Actions Pruned,QM
0,18,ours_0,50,8,13,755.6442129611969
1,18,ours_0.25,50,8,9,781.9190711975098
2,18,ours_0.5,50,8,8,722.7969484329224
3,19,ours_0,50,8,26,846.8731970787048
4,19,ours_0.25,50,8,22,749.2064423561096
5,19,ours_0.5,50,8,16,753.033718585968
