,Run,Domain info,QL
0,8,QL_0.csv,438.6548328399658
1,8,QL_0.25.csv,495.5751140117645
2,8,QL_0.5.csv,474.12670063972473
3,9,QL_0.csv,481.72684383392334
4,9,QL_0.25.csv,505.6386013031006
5,9,QL_0.5.csv,595.2236685752869
