,Run,Domain,|S|,|A|,Actions Pruned,QM
0,8,ours_0,50,8,23,719.004715681076
1,8,ours_0.25,50,8,22,781.3210639953613
2,8,ours_0.5,50,8,14,761.5727806091309
3,9,ours_0,50,8,214,853.9460670948029
4,9,ours_0.25,50,8,57,783.4095642566681
5,9,ours_0.5,50,8,19,788.1337785720825
