,Run,Domain,|S|,|A|,Actions Pruned,QM
0,28,ours_0,50,8,254,571.6810381412506
1,28,ours_0.25,50,8,83,568.5031340122223
2,28,ours_0.5,50,8,32,642.0555019378662
3,29,ours_0,50,8,72,765.7757477760315
4,29,ours_0.25,50,8,30,742.0268707275391
5,29,ours_0.5,50,8,27,702.7456212043762
