,Run,Domain info,QL
0,14,QL_0.csv,567.2678453922272
1,14,QL_0.25.csv,486.60202741622925
2,14,QL_0.5.csv,492.3971529006958
3,15,QL_0.csv,484.44661235809326
4,15,QL_0.25.csv,501.616402387619
5,15,QL_0.5.csv,629.2642221450806
