,Run,Domain info,QL
0,26,QL_0.csv,525.1986510753632
1,26,QL_0.25.csv,539.8849008083344
2,26,QL_0.5.csv,493.1011836528778
3,27,QL_0.csv,499.0488564968109
4,27,QL_0.25.csv,536.8448643684387
5,27,QL_0.5.csv,498.98055696487427
