,Run,Domain info,QL
0,28,QL_0.csv,527.3817384243011
1,28,QL_0.25.csv,538.039000749588
2,28,QL_0.5.csv,490.46998047828674
3,29,QL_0.csv,472.28145241737366
4,29,QL_0.25.csv,518.6574764251709
5,29,QL_0.5.csv,489.9802176952362
