,Run,Domain info,QL
0,24,SFQL_0.csv,638.9725873470306
1,24,SFQL_0.25.csv,581.6189839839935
2,24,SFQL_0.5.csv,453.78407859802246
3,25,SFQL_0.csv,442.4980933666229
4,25,SFQL_0.25.csv,387.40283966064453
5,25,SFQL_0.5.csv,381.6127631664276
