,Run,Domain info,QL
0,20,SFQL_0.csv,636.8714997768402
1,20,SFQL_0.25.csv,579.8395607471466
2,20,SFQL_0.5.csv,451.5406711101532
3,21,SFQL_0.csv,444.90292620658875
4,21,SFQL_0.25.csv,391.68464183807373
5,21,SFQL_0.5.csv,382.96977829933167
