,Run,Domain info,QL
0,4,QL_0.csv,373.50169491767883
1,4,QL_0.25.csv,396.93581366539
2,4,QL_0.5.csv,406.62988352775574
3,5,QL_0.csv,409.49958848953247
4,5,QL_0.25.csv,408.533744096756
5,5,QL_0.5.csv,463.3760349750519
