,Run,Domain,|S|,|A|,Actions Pruned,QM
0,22,ours_0,50,8,31,572.6769728660583
1,22,ours_0.25,50,8,22,564.8660943508148
2,22,ours_0.5,50,8,22,642.4560122489929
3,23,ours_0,50,8,26,774.1667473316193
4,23,ours_0.25,50,8,23,747.3956813812256
5,23,ours_0.5,50,8,23,709.9451878070831
