,Run,Domain info,QL
0,18,SFQL_0.csv,717.6381993293762
1,18,SFQL_0.25.csv,578.3541963100433
2,18,SFQL_0.5.csv,582.4199266433716
3,19,SFQL_0.csv,499.19291710853577
4,19,SFQL_0.25.csv,451.50463008880615
5,19,SFQL_0.5.csv,459.2385149002075
