,Run,Domain info,QL
0,8,SFQL_0.csv,727.4292223453522
1,8,SFQL_0.25.csv,584.3513157367706
2,8,SFQL_0.5.csv,579.5600347518921
3,9,SFQL_0.csv,498.4579575061798
4,9,SFQL_0.25.csv,454.91965913772583
5,9,SFQL_0.5.csv,467.8377261161804
