,Run,Domain,|S|,|A|,Actions Pruned,QM
0,20,ours_0,50,8,19,565.03386759758
1,20,ours_0.25,50,8,19,568.1017725467682
2,20,ours_0.5,50,8,18,634.8632524013519
3,21,ours_0,50,8,111,770.5608537197113
4,21,ours_0.25,50,8,36,742.1217911243439
5,21,ours_0.5,50,8,27,694.1965801715851
