,Run,Domain,|S|,|A|,Actions Pruned,QM
0,0,ours_0,50,8,47,543.6077468395233
1,0,ours_0.25,50,8,23,502.48296093940735
2,0,ours_0.5,50,8,21,467.0235879421234
3,1,ours_0,50,8,37,706.9757220745087
4,1,ours_0.25,50,8,20,579.5188021659851
5,1,ours_0.5,50,8,20,603.470513343811
