,Run,Domain info,QL
0,10,SFQL_0.csv,726.1900987625122
1,10,SFQL_0.25.csv,580.3996999263763
2,10,SFQL_0.5.csv,583.5635726451874
3,11,SFQL_0.csv,502.2728579044342
4,11,SFQL_0.25.csv,450.0380735397339
5,11,SFQL_0.5.csv,460.43209886550903
