,Run,Domain,|S|,|A|,Actions Pruned,QM
0,26,ours_0,50,8,208,572.6192846298218
1,26,ours_0.25,50,8,54,568.1399099826813
2,26,ours_0.5,50,8,24,641.4664497375488
3,27,ours_0,50,8,169,772.2361357212067
4,27,ours_0.25,50,8,27,737.6346998214722
5,27,ours_0.5,50,8,18,705.5246205329895
