,Run,Domain,|S|,|A|,Actions Pruned,QM
0,6,ours_0,50,8,26,724.8297388553619
1,6,ours_0.25,50,8,26,785.6515038013458
2,6,ours_0.5,50,8,18,753.9252653121948
3,7,ours_0,50,8,107,853.073480129242
4,7,ours_0.25,50,8,31,786.2759389877319
5,7,ours_0.5,50,8,20,784.6745493412018
