,Run,Domain info,QL
0,0,SFQL_0.csv,509.77511072158813
1,0,SFQL_0.25.csv,567.8003056049347
2,0,SFQL_0.5.csv,517.0162808895111
3,1,SFQL_0.csv,409.6830472946167
4,1,SFQL_0.25.csv,361.21126222610474
5,1,SFQL_0.5.csv,347.5212938785553
