,Run,Domain info,QL
0,10,QL_0.csv,464.72205805778503
1,10,QL_0.25.csv,509.23667192459106
2,10,QL_0.5.csv,483.5134913921356
3,11,QL_0.csv,486.5571491718292
4,11,QL_0.25.csv,510.7147479057312
5,11,QL_0.5.csv,620.9779767990112
