,Run,Domain,|S|,|A|,Actions Pruned,QM
0,10,ours_0,50,8,90,733.2906765937805
1,10,ours_0.25,50,8,31,777.626660823822
2,10,ours_0.5,50,8,23,749.467395067215
3,11,ours_0,50,8,18,855.8208243846893
4,11,ours_0.25,50,8,17,778.1838111877441
5,11,ours_0.5,50,8,15,781.7347233295441
