,Run,Domain info,QL
0,12,SFQL_0.csv,728.136458158493
1,12,SFQL_0.25.csv,582.822749376297
2,12,SFQL_0.5.csv,581.9920439720154
3,13,SFQL_0.csv,496.27376079559326
4,13,SFQL_0.25.csv,448.69777154922485
5,13,SFQL_0.5.csv,460.93842935562134
