,Run,Domain info,QL
0,6,QL_0.csv,433.66713428497314
1,6,QL_0.25.csv,504.090149641037
2,6,QL_0.5.csv,475.867329120636
3,7,QL_0.csv,482.15180349349976
4,7,QL_0.25.csv,505.8103325366974
5,7,QL_0.5.csv,593.431841135025
