,Run,Domain,|S|,|A|,Actions Pruned,QM
0,12,ours_0,50,8,26,759.4155328273773
1,12,ours_0.25,50,8,23,781.5526766777039
2,12,ours_0.5,50,8,23,740.5875854492188
3,13,ours_0,50,8,119,865.6464245319366
4,13,ours_0.25,50,8,46,781.9540822505951
5,13,ours_0.5,50,8,23,768.9029910564423
