,Run,Domain,|S|,|A|,Actions Pruned,QM
0,24,ours_0,50,8,169,569.3077626228333
1,24,ours_0.25,50,8,42,565.5599012374878
2,24,ours_0.5,50,8,26,644.2144060134888
3,25,ours_0,50,8,27,766.2290830612183
4,25,ours_0.25,50,8,27,741.3057827949524
5,25,ours_0.5,50,8,24,709.5605955123901
