,Run,Domain info,QL
0,26,SFQL_0.csv,641.6667351722717
1,26,SFQL_0.25.csv,582.5240857601166
2,26,SFQL_0.5.csv,450.15757942199707
3,27,SFQL_0.csv,445.9597225189209
4,27,SFQL_0.25.csv,388.0870954990387
5,27,SFQL_0.5.csv,382.104861497879
