,Run,Domain info,QL
0,4,SFQL_0.csv,661.4805881977081
1,4,SFQL_0.25.csv,536.58380651474
2,4,SFQL_0.5.csv,516.2807097434998
3,5,SFQL_0.csv,369.8695299625397
4,5,SFQL_0.25.csv,355.70472168922424
5,5,SFQL_0.5.csv,337.48886942863464
