,Run,Domain info,QL
0,2,QL_0.csv,325.3417809009552
1,2,QL_0.25.csv,349.89972257614136
2,2,QL_0.5.csv,327.64938473701477
3,3,QL_0.csv,413.8450994491577
4,3,QL_0.25.csv,402.08277010917664
5,3,QL_0.5.csv,433.7244927883148
