,Run,Domain info,QL
0,22,QL_0.csv,493.14327907562256
1,22,QL_0.25.csv,519.3166935443878
2,22,QL_0.5.csv,481.5182147026062
3,23,QL_0.csv,496.83852672576904
4,23,QL_0.25.csv,534.0912480354309
5,23,QL_0.5.csv,518.96177983284
