,Run,Domain info,QL
0,22,SFQL_0.csv,642.2805261611938
1,22,SFQL_0.25.csv,585.8048791885376
2,22,SFQL_0.5.csv,452.706182718277
3,23,SFQL_0.csv,446.26324677467346
4,23,SFQL_0.25.csv,390.0020523071289
5,23,SFQL_0.5.csv,383.33387637138367
