,Run,Domain,|S|,|A|,Actions Pruned,QM
0,4,ours_0,50,8,150,538.1439733505249
1,4,ours_0.25,50,8,33,497.93665385246277
2,4,ours_0.5,50,8,20,460.1444730758667
3,5,ours_0,50,8,226,699.0719487667084
4,5,ours_0.25,50,8,70,573.6554703712463
5,5,ours_0.5,50,8,22,602.1530590057373
