,Run,Domain info,QL
0,20,QL_0.csv,463.04717898368835
1,20,QL_0.25.csv,523.3554193973541
2,20,QL_0.5.csv,470.4998631477356
3,21,QL_0.csv,453.4625201225281
4,21,QL_0.25.csv,513.1396811008453
5,21,QL_0.5.csv,486.41908597946167
