,Run,Domain info,QL
0,18,QL_0.csv,554.3331797122955
1,18,QL_0.25.csv,478.33309721946716
2,18,QL_0.5.csv,462.9265196323395
3,19,QL_0.csv,439.9987678527832
4,19,QL_0.25.csv,480.4297685623169
5,19,QL_0.5.csv,543.9762604236603
