,Run,Domain info,QL
0,6,SFQL_0.csv,727.1363162994385
1,6,SFQL_0.25.csv,580.4144389629364
2,6,SFQL_0.5.csv,575.742445230484
3,7,SFQL_0.csv,503.608362197876
4,7,SFQL_0.25.csv,452.2919101715088
5,7,SFQL_0.5.csv,461.1457448005676
