,Run,Domain info,QL
0,12,QL_0.csv,532.1482973098755
1,12,QL_0.25.csv,494.10111021995544
2,12,QL_0.5.csv,492.6131126880646
3,13,QL_0.csv,483.3885107040405
4,13,QL_0.25.csv,505.5602195262909
5,13,QL_0.5.csv,628.213616847992
