,Run,Domain info,QL
0,0,QL_0.csv,366.721848487854
1,0,QL_0.25.csv,392.55731558799744
2,0,QL_0.5.csv,403.3919086456299
3,1,QL_0.csv,407.6339764595032
4,1,QL_0.25.csv,407.32487440109253
5,1,QL_0.5.csv,460.36446952819824
