,Run,Domain,|S|,|A|,Actions Pruned,QM
0,2,ours_0,50,8,54,540.6755003929138
1,2,ours_0.25,50,8,27,496.32532000541687
2,2,ours_0.5,50,8,22,451.14801383018494
3,3,ours_0,50,8,185,699.443608045578
4,3,ours_0.25,50,8,40,576.5771305561066
5,3,ours_0.5,50,8,23,607.807076215744
