,Run,Domain,|S|,|A|,Actions Pruned,QM
0,6,Frozen Lake_0_1,6,4,-41,12.106266260147095
1,6,Frozen Lake_0_2,6,4,-117,12.708359479904175
2,6,Frozen Lake_0_3,6,4,-116,14.273249864578247
3,6,Frozen Lake_0_4,6,4,-112,14.537745714187622
