,Run,Domain info,SFQL
0,28,0_1,39.1148624420166
1,28,0_2,53.95728802680969
2,28,0_3,53.16384220123291
3,28,0_4,46.807125091552734
4,29,0_1,33.56769609451294
5,29,0_2,31.077807188034058
6,29,0_3,27.067376136779785
7,29,0_4,21.688602209091187
