,Run,Domain,|S|,|A|,Actions Pruned,QM
0,0,Frozen Lake_0_1,6,4,-44,22.97742462158203
1,0,Frozen Lake_0_2,6,4,-81,30.27053451538086
2,0,Frozen Lake_0_3,6,4,-101,26.23271918296814
3,0,Frozen Lake_0_4,6,4,-112,15.247606992721558
4,1,Frozen Lake_0_1,6,4,-41,17.349122762680054
5,1,Frozen Lake_0_2,6,4,-113,17.733837366104126
6,1,Frozen Lake_0_3,6,4,-117,19.58567190170288
7,1,Frozen Lake_0_4,6,4,-110,30.094110012054443
