,Run,Domain info,SFQL
0,12,0_1,46.49068570137024
1,12,0_2,65.42598748207092
2,12,0_3,46.31332874298096
3,12,0_4,42.61102867126465
4,13,0_1,38.30772686004639
5,13,0_2,27.838944673538208
6,13,0_3,28.86960530281067
7,13,0_4,23.63402795791626
