,Run,Domain info,SFQL
0,24,0_1,37.9493932723999
1,24,0_2,45.862252950668335
2,24,0_3,49.69266676902771
3,24,0_4,41.86849880218506
4,25,0_1,37.761844873428345
5,25,0_2,38.42529845237732
6,25,0_3,40.086366176605225
7,25,0_4,29.50121784210205
