,Run,Domain info,SFQL
0,6,0_1,79.22312521934509
1,6,0_2,75.91904544830322
2,6,0_3,58.571601152420044
3,6,0_4,61.166926860809326
4,7,0_1,49.29255032539368
5,7,0_2,38.04830288887024
6,7,0_3,29.67432451248169
7,7,0_4,27.372713088989258
