,Run,Domain info,SFQL
0,22,0_1,28.662573099136353
1,22,0_2,28.504830598831177
2,22,0_3,43.24952793121338
3,22,0_4,36.44589638710022
4,23,0_1,35.525211811065674
5,23,0_2,30.44263505935669
6,23,0_3,34.80298376083374
7,23,0_4,37.28892922401428
