,Run,Domain,|S|,|A|,Actions Pruned,QM
0,6,Frozen Lake_0_1,6,4,-44,40.31528854370117
1,6,Frozen Lake_0_2,6,4,-95,32.125513315200806
2,6,Frozen Lake_0_3,6,4,-114,17.079095125198364
3,6,Frozen Lake_0_4,6,4,-111,16.008243799209595
4,7,Frozen Lake_0_1,6,4,-41,17.988698959350586
5,7,Frozen Lake_0_2,6,4,-105,18.745412826538086
6,7,Frozen Lake_0_3,6,4,-111,26.108316659927368
7,7,Frozen Lake_0_4,6,4,-109,41.45428729057312
