,Run,Domain info,SFQL
0,18,0_1,20.836731672286987
1,18,0_2,19.23267889022827
2,18,0_3,19.57910966873169
3,18,0_4,19.868329524993896
4,19,0_1,37.87191867828369
5,19,0_2,35.04028248786926
6,19,0_3,33.26792669296265
7,19,0_4,34.52983546257019
