,Run,Domain,|S|,|A|,Actions Pruned,QM
0,14,Frozen Lake_0_1,6,4,-43,45.10612654685974
1,14,Frozen Lake_0_2,6,4,-108,45.958887815475464
2,14,Frozen Lake_0_3,6,4,-118,35.546918869018555
3,14,Frozen Lake_0_4,6,4,-114,28.503503561019897
4,15,Frozen Lake_0_1,6,4,-44,25.325743436813354
5,15,Frozen Lake_0_2,6,4,-92,24.846312999725342
6,15,Frozen Lake_0_3,6,4,-110,22.138124227523804
7,15,Frozen Lake_0_4,6,4,-116,23.149818181991577
