,Run,Domain,|S|,|A|,Actions Pruned,QM
0,4,Frozen Lake_0_1,6,4,-42,28.54006576538086
1,4,Frozen Lake_0_2,6,4,-104,30.773810148239136
2,4,Frozen Lake_0_3,6,4,-114,20.416404485702515
3,4,Frozen Lake_0_4,6,4,-115,19.773570775985718
4,5,Frozen Lake_0_1,6,4,-43,20.665551900863647
5,5,Frozen Lake_0_2,6,4,-70,25.014798402786255
6,5,Frozen Lake_0_3,6,4,-108,44.03769826889038
7,5,Frozen Lake_0_4,6,4,-107,36.79980158805847
