,Run,Domain info,SFQL
0,10,0_1,32.60200881958008
1,10,0_2,42.56236982345581
2,10,0_3,45.16065192222595
3,10,0_4,45.47932720184326
4,11,0_1,37.42701005935669
5,11,0_2,39.609872341156006
6,11,0_3,29.239497661590576
7,11,0_4,26.46113920211792
