,Run,Domain,|S|,|A|,Actions Pruned,QM
0,18,Frozen Lake_0_1,6,4,-46,10.80806016921997
1,18,Frozen Lake_0_2,6,4,-66,5.76400351524353
2,18,Frozen Lake_0_3,6,4,-112,6.070472002029419
3,18,Frozen Lake_0_4,6,4,-112,5.173847913742065
4,19,Frozen Lake_0_1,6,4,-44,19.568503856658936
5,19,Frozen Lake_0_2,6,4,-109,22.28701376914978
6,19,Frozen Lake_0_3,6,4,-114,24.589582681655884
7,19,Frozen Lake_0_4,6,4,-116,23.16404128074646
