,Run,Domain info,SFQL
0,20,0_1,26.493645906448364
1,20,0_2,28.984145164489746
2,20,0_3,38.42675971984863
3,20,0_4,51.34929919242859
4,21,0_1,32.584956884384155
5,21,0_2,29.85481286048889
6,21,0_3,32.06642413139343
7,21,0_4,34.87627601623535
