,Run,Domain,|S|,|A|,Actions Pruned,QM
0,16,Frozen Lake_0_1,6,4,-43,62.21390128135681
1,16,Frozen Lake_0_2,6,4,-88,43.829108238220215
2,16,Frozen Lake_0_3,6,4,-110,18.775713443756104
3,16,Frozen Lake_0_4,6,4,-104,15.866830825805664
4,17,Frozen Lake_0_1,6,4,-43,24.601248264312744
5,17,Frozen Lake_0_2,6,4,-92,26.146953582763672
6,17,Frozen Lake_0_3,6,4,-107,23.83554434776306
7,17,Frozen Lake_0_4,6,4,-117,25.67769980430603
