,Run,Domain info,SFQL
0,26,0_1,28.959228038787842
1,26,0_2,30.212650299072266
2,26,0_3,40.75641202926636
3,26,0_4,34.981565713882446
4,27,0_1,33.38459038734436
5,27,0_2,30.501282215118408
6,27,0_3,33.51622414588928
7,27,0_4,32.9177930355072
