,Run,Domain,|S|,|A|,Actions Pruned,QM
0,2,Frozen Lake_0_1,6,4,-44,26.520159006118774
1,2,Frozen Lake_0_2,6,4,-85,29.56278157234192
2,2,Frozen Lake_0_3,6,4,-97,19.769060373306274
3,2,Frozen Lake_0_4,6,4,-111,17.776169776916504
4,3,Frozen Lake_0_1,6,4,-43,15.785351514816284
5,3,Frozen Lake_0_2,6,4,-79,19.816036701202393
6,3,Frozen Lake_0_3,6,4,-115,20.59959888458252
7,3,Frozen Lake_0_4,6,4,-116,28.33155131340027
