,Run,Domain,|S|,|A|,Actions Pruned,QM
0,26,Frozen Lake_0_1,6,4,-42,31.570781469345093
1,26,Frozen Lake_0_2,6,4,-112,36.50833511352539
2,26,Frozen Lake_0_3,6,4,-113,21.656009197235107
3,26,Frozen Lake_0_4,6,4,-112,21.489051818847656
4,27,Frozen Lake_0_1,6,4,-43,19.312737464904785
5,27,Frozen Lake_0_2,6,4,-84,18.55669331550598
6,27,Frozen Lake_0_3,6,4,-108,19.836564302444458
7,27,Frozen Lake_0_4,6,4,-112,17.347259044647217
