,Run,Domain info,SFQL
0,16,0_1,27.60187864303589
1,16,0_2,25.151522397994995
2,16,0_3,21.290931940078735
3,16,0_4,24.45050811767578
