,Run,Domain,|S|,|A|,Actions Pruned,QM
0,16,Frozen Lake_0_1,6,4,-43,13.314295291900635
1,16,Frozen Lake_0_2,6,4,-103,13.598532915115356
2,16,Frozen Lake_0_3,6,4,-112,13.111606359481812
3,16,Frozen Lake_0_4,6,4,-119,11.322358131408691
