,Run,Domain,|S|,|A|,Actions Pruned,QM
0,20,Frozen Lake_0_1,6,4,-43,26.206798315048218
1,20,Frozen Lake_0_2,6,4,-94,44.52863335609436
2,20,Frozen Lake_0_3,6,4,-112,24.483490228652954
3,20,Frozen Lake_0_4,6,4,-110,27.304888010025024
4,21,Frozen Lake_0_1,6,4,-43,20.432153463363647
5,21,Frozen Lake_0_2,6,4,-87,17.793617963790894
6,21,Frozen Lake_0_3,6,4,-100,19.464027643203735
7,21,Frozen Lake_0_4,6,4,-115,22.836370944976807
