,Run,Domain,|S|,|A|,Actions Pruned,QM
0,24,Frozen Lake_0_1,6,4,-43,39.18814539909363
1,24,Frozen Lake_0_2,6,4,-90,40.10376501083374
2,24,Frozen Lake_0_3,6,4,-111,11.920160293579102
3,24,Frozen Lake_0_4,6,4,-117,15.480339288711548
4,25,Frozen Lake_0_1,6,4,-43,20.293971061706543
5,25,Frozen Lake_0_2,6,4,-104,16.40549397468567
6,25,Frozen Lake_0_3,6,4,-115,17.18123173713684
7,25,Frozen Lake_0_4,6,4,-107,17.67297101020813
