,Run,Domain,|S|,|A|,Actions Pruned,QM
0,10,Frozen Lake_0_1,6,4,-42,43.05198884010315
1,10,Frozen Lake_0_2,6,4,-103,46.32834577560425
2,10,Frozen Lake_0_3,6,4,-107,34.68396520614624
3,10,Frozen Lake_0_4,6,4,-113,24.68457317352295
4,11,Frozen Lake_0_1,6,4,-44,25.622178554534912
5,11,Frozen Lake_0_2,6,4,-93,26.36942410469055
6,11,Frozen Lake_0_3,6,4,-103,24.454869985580444
7,11,Frozen Lake_0_4,6,4,-114,27.328452825546265
