,Run,Domain info,SFQL
0,4,0_1,67.90354990959167
1,4,0_2,60.832428216934204
2,4,0_3,59.094467639923096
3,4,0_4,54.91091251373291
4,5,0_1,52.136494636535645
5,5,0_2,47.98314666748047
6,5,0_3,50.4929039478302
7,5,0_4,53.60594439506531
