,Run,Domain info,SFQL
0,2,0_1,67.58267498016357
1,2,0_2,58.46197199821472
2,2,0_3,54.8280885219574
3,2,0_4,64.80836153030396
4,3,0_1,53.715656757354736
5,3,0_2,56.5525279045105
6,3,0_3,56.027554988861084
7,3,0_4,54.1365110874176
