,Run,Domain info,SFQL
0,0,0_1,64.23100471496582
1,0,0_2,73.58770370483398
2,0,0_3,69.55104041099548
3,0,0_4,63.31957960128784
4,1,0_1,50.238452434539795
5,1,0_2,56.73465943336487
6,1,0_3,55.22495794296265
7,1,0_4,46.50391697883606
