,Run,Domain,|S|,|A|,Actions Pruned,QM
0,22,Frozen Lake_0_1,6,4,-42,28.763692378997803
1,22,Frozen Lake_0_2,6,4,-84,40.05400252342224
2,22,Frozen Lake_0_3,6,4,-106,22.86205005645752
3,22,Frozen Lake_0_4,6,4,-119,22.063703060150146
4,23,Frozen Lake_0_1,6,4,-42,20.160773515701294
5,23,Frozen Lake_0_2,6,4,-106,18.75939679145813
6,23,Frozen Lake_0_3,6,4,-106,18.689871072769165
7,23,Frozen Lake_0_4,6,4,-119,23.232401132583618
