,Run,Domain info,SFQL
0,16,0_1,50.7274649143219
1,16,0_2,48.794997215270996
2,16,0_3,48.65191984176636
3,16,0_4,39.38060641288757
4,17,0_1,38.78084897994995
5,17,0_2,31.038984775543213
6,17,0_3,24.758912086486816
7,17,0_4,25.27432155609131
