,Run,Domain info,SFQL
0,8,0_1,63.505730867385864
1,8,0_2,56.32653784751892
2,8,0_3,54.95537781715393
3,8,0_4,57.71800136566162
4,9,0_1,59.63577604293823
5,9,0_2,55.800336599349976
6,9,0_3,60.00369739532471
7,9,0_4,50.6301646232605
