,Run,Domain info,SFQL
0,6,0_1,22.493465423583984
1,6,0_2,22.280351638793945
2,6,0_3,25.7150981426239
3,6,0_4,27.92186713218689
