,Run,Domain,|S|,|A|,Actions Pruned,QM
0,8,Frozen Lake_0_1,6,4,-44,30.024238348007202
1,8,Frozen Lake_0_2,6,4,-86,32.859575271606445
2,8,Frozen Lake_0_3,6,4,-115,16.246249198913574
3,8,Frozen Lake_0_4,6,4,-120,16.29098892211914
4,9,Frozen Lake_0_1,6,4,-44,16.2849063873291
5,9,Frozen Lake_0_2,6,4,-112,18.240085124969482
6,9,Frozen Lake_0_3,6,4,-97,28.558601140975952
7,9,Frozen Lake_0_4,6,4,-112,41.47806763648987
