,Run,Domain info,SFQL
0,14,0_1,32.46251440048218
1,14,0_2,35.31125736236572
2,14,0_3,38.82861137390137
3,14,0_4,35.3544397354126
4,15,0_1,32.886162757873535
5,15,0_2,32.576743841171265
6,15,0_3,34.63517761230469
7,15,0_4,29.04260277748108
