,Run,Domain,|S|,|A|,Actions Pruned,QM
0,12,Frozen Lake_0_1,6,4,-43,60.569052934646606
1,12,Frozen Lake_0_2,6,4,-94,48.346370458602905
2,12,Frozen Lake_0_3,6,4,-110,30.0452938079834
3,12,Frozen Lake_0_4,6,4,-112,29.233078479766846
4,13,Frozen Lake_0_1,6,4,-43,24.106380224227905
5,13,Frozen Lake_0_2,6,4,-102,23.655187129974365
6,13,Frozen Lake_0_3,6,4,-105,20.93420958518982
7,13,Frozen Lake_0_4,6,4,-113,18.58493447303772
